id,affix_id,slot
affix.strength.weapon,affix.strength,weapon
affix.strength.head,affix.strength,head
affix.strength.body,affix.strength,body
affix.strength.hands,affix.strength,hands
affix.strength.feet,affix.strength,feet
affix.strength.accessory,affix.strength,accessory
affix.dexterity.weapon,affix.dexterity,weapon
affix.dexterity.head,affix.dexterity,head
affix.dexterity.body,affix.dexterity,body
affix.dexterity.hands,affix.dexterity,hands
affix.dexterity.feet,affix.dexterity,feet
affix.dexterity.accessory,affix.dexterity,accessory
affix.intelligence.weapon,affix.intelligence,weapon
affix.intelligence.head,affix.intelligence,head
affix.intelligence.body,affix.intelligence,body
affix.intelligence.hands,affix.intelligence,hands
affix.intelligence.feet,affix.intelligence,feet
affix.intelligence.accessory,affix.intelligence,accessory
affix.vitality.weapon,affix.vitality,weapon
affix.vitality.head,affix.vitality,head
affix.vitality.body,affix.vitality,body
affix.vitality.hands,affix.vitality,hands
affix.vitality.feet,affix.vitality,feet
affix.vitality.accessory,affix.vitality,accessory
affix.spirit.weapon,affix.spirit,weapon
affix.spirit.head,affix.spirit,head
affix.spirit.body,affix.spirit,body
affix.spirit.hands,affix.spirit,hands
affix.spirit.feet,affix.spirit,feet
affix.spirit.accessory,affix.spirit,accessory
affix.luck.weapon,affix.luck,weapon
affix.luck.head,affix.luck,head
affix.luck.body,affix.luck,body
affix.luck.hands,affix.luck,hands
affix.luck.feet,affix.luck,feet
affix.luck.accessory,affix.luck,accessory
affix.physical_attack.weapon,affix.physical_attack,weapon
affix.physical_attack.hands,affix.physical_attack,hands
affix.physical_attack.accessory,affix.physical_attack,accessory
affix.magic_attack.weapon,affix.magic_attack,weapon
affix.magic_attack.hands,affix.magic_attack,hands
affix.magic_attack.accessory,affix.magic_attack,accessory
affix.hp_max.head,affix.hp_max,head
affix.hp_max.body,affix.hp_max,body
affix.hp_max.accessory,affix.hp_max,accessory
affix.mp_max.head,affix.mp_max,head
affix.mp_max.accessory,affix.mp_max,accessory
affix.physical_defense.head,affix.physical_defense,head
affix.physical_defense.body,affix.physical_defense,body
affix.physical_defense.feet,affix.physical_defense,feet
affix.physical_defense.accessory,affix.physical_defense,accessory
affix.magic_defense.head,affix.magic_defense,head
affix.magic_defense.body,affix.magic_defense,body
affix.magic_defense.feet,affix.magic_defense,feet
affix.magic_defense.accessory,affix.magic_defense,accessory
affix.healing.weapon,affix.healing,weapon
affix.healing.head,affix.healing,head
affix.healing.accessory,affix.healing,accessory
affix.critical.weapon,affix.critical,weapon
affix.critical.hands,affix.critical,hands
affix.critical.accessory,affix.critical,accessory
affix.critical_damage.weapon,affix.critical_damage,weapon
affix.critical_damage.hands,affix.critical_damage,hands
affix.critical_damage.accessory,affix.critical_damage,accessory
affix.accuracy.weapon,affix.accuracy,weapon
affix.accuracy.hands,affix.accuracy,hands
affix.evasion.feet,affix.evasion,feet
affix.evasion.accessory,affix.evasion,accessory
