id,monster_id,item_kind,item_id,weight,quantity_min,quantity_max
monster.slime.material,monster.slime,material,material.moss_cave.1,1,1,2
monster.slime.equipment,monster.slime,equipment_pool,pool.moss_cave,1,1,1
monster.cave_bat.material,monster.cave_bat,material,material.moss_cave.2,1,1,2
monster.cave_bat.equipment,monster.cave_bat,equipment_pool,pool.moss_cave,1,1,1
monster.moss_beast.material,monster.moss_beast,material,material.moss_cave.3,1,1,2
monster.moss_beast.equipment,monster.moss_beast,equipment_pool,pool.moss_cave,1,1,1
monster.moss_king.material,monster.moss_king,material,material.moss_cave.4,1,1,2
monster.moss_king.equipment,monster.moss_king,equipment_pool,pool.moss_cave,1,1,1
monster.mine_rat.material,monster.mine_rat,material,material.abandoned_mine.1,1,1,2
monster.mine_rat.equipment,monster.mine_rat,equipment_pool,pool.abandoned_mine,1,1,1
monster.ore_golem.material,monster.ore_golem,material,material.abandoned_mine.2,1,1,2
monster.ore_golem.equipment,monster.ore_golem,equipment_pool,pool.abandoned_mine,1,1,1
monster.iron_guard.material,monster.iron_guard,material,material.abandoned_mine.3,1,1,2
monster.iron_guard.equipment,monster.iron_guard,equipment_pool,pool.abandoned_mine,1,1,1
monster.mine_giant.material,monster.mine_giant,material,material.abandoned_mine.4,1,1,2
monster.mine_giant.equipment,monster.mine_giant,equipment_pool,pool.abandoned_mine,1,1,1
monster.toxic_mushroom.material,monster.toxic_mushroom,material,material.mist_forest.1,1,1,2
monster.toxic_mushroom.equipment,monster.toxic_mushroom,equipment_pool,pool.mist_forest,1,1,1
monster.mist_wolf.material,monster.mist_wolf,material,material.mist_forest.2,1,1,2
monster.mist_wolf.equipment,monster.mist_wolf,equipment_pool,pool.mist_forest,1,1,1
monster.ancient_guard.material,monster.ancient_guard,material,material.mist_forest.3,1,1,2
monster.ancient_guard.equipment,monster.ancient_guard,equipment_pool,pool.mist_forest,1,1,1
monster.mist_treant.material,monster.mist_treant,material,material.mist_forest.4,1,1,2
monster.mist_treant.equipment,monster.mist_treant,equipment_pool,pool.mist_forest,1,1,1
monster.ruin_skeleton.material,monster.ruin_skeleton,material,material.sunken_ruins.1,1,1,2
monster.ruin_skeleton.equipment,monster.ruin_skeleton,equipment_pool,pool.sunken_ruins,1,1,1
monster.water_spirit.material,monster.water_spirit,material,material.sunken_ruins.2,1,1,2
monster.water_spirit.equipment,monster.water_spirit,equipment_pool,pool.sunken_ruins,1,1,1
monster.ruin_knight.material,monster.ruin_knight,material,material.sunken_ruins.3,1,1,2
monster.ruin_knight.equipment,monster.ruin_knight,equipment_pool,pool.sunken_ruins,1,1,1
monster.tide_priest.material,monster.tide_priest,material,material.sunken_ruins.4,1,1,2
monster.tide_priest.equipment,monster.tide_priest,equipment_pool,pool.sunken_ruins,1,1,1
monster.ash_demon.material,monster.ash_demon,material,material.ember_fortress.1,1,1,2
monster.ash_demon.equipment,monster.ash_demon,equipment_pool,pool.ember_fortress,1,1,1
monster.lava_beast.material,monster.lava_beast,material,material.ember_fortress.2,1,1,2
monster.lava_beast.equipment,monster.lava_beast,equipment_pool,pool.ember_fortress,1,1,1
monster.furnace_guard.material,monster.furnace_guard,material,material.ember_fortress.3,1,1,2
monster.furnace_guard.equipment,monster.furnace_guard,equipment_pool,pool.ember_fortress,1,1,1
monster.ash_lord.material,monster.ash_lord,material,material.ember_fortress.4,1,1,2
monster.ash_lord.equipment,monster.ash_lord,equipment_pool,pool.ember_fortress,1,1,1
monster.rift_walker.material,monster.rift_walker,material,material.star_rift.1,1,1,2
monster.rift_walker.equipment,monster.rift_walker,equipment_pool,pool.star_rift,1,1,1
monster.star_golem.material,monster.star_golem,material,material.star_rift.2,1,1,2
monster.star_golem.equipment,monster.star_golem,equipment_pool,pool.star_rift,1,1,1
monster.rift_lord.material,monster.rift_lord,material,material.star_rift.3,1,1,2
monster.rift_lord.equipment,monster.rift_lord,equipment_pool,pool.star_rift,1,1,1
monster.star_overlord.material,monster.star_overlord,material,material.star_rift.4,1,1,2
monster.star_overlord.equipment,monster.star_overlord,equipment_pool,pool.star_rift,1,1,1
