id,dungeon_id,monster_id,level_min,level_max,encounter_weight,drop_table_id,enabled
dungeon.moss_cave.slime,dungeon.moss_cave,monster.slime,1,5,60,drop.slime,1
dungeon.moss_cave.cave_bat,dungeon.moss_cave,monster.cave_bat,3,8,35,drop.cave_bat,1
dungeon.moss_cave.moss_beast,dungeon.moss_cave,monster.moss_beast,8,12,5,drop.moss_beast,1
dungeon.abandoned_mine.mine_rat,dungeon.abandoned_mine,monster.mine_rat,10,16,60,drop.mine_rat,1
dungeon.abandoned_mine.ore_golem,dungeon.abandoned_mine,monster.ore_golem,14,22,35,drop.ore_golem,1
dungeon.abandoned_mine.iron_guard,dungeon.abandoned_mine,monster.iron_guard,20,25,5,drop.iron_guard,1
dungeon.mist_forest.toxic_mushroom,dungeon.mist_forest,monster.toxic_mushroom,20,27,60,drop.toxic_mushroom,1
dungeon.mist_forest.mist_wolf,dungeon.mist_forest,monster.mist_wolf,24,32,35,drop.mist_wolf,1
dungeon.mist_forest.ancient_guard,dungeon.mist_forest,monster.ancient_guard,30,35,5,drop.ancient_guard,1
dungeon.sunken_ruins.ruin_skeleton,dungeon.sunken_ruins,monster.ruin_skeleton,30,40,60,drop.ruin_skeleton,1
dungeon.sunken_ruins.water_spirit,dungeon.sunken_ruins,monster.water_spirit,36,46,35,drop.water_spirit,1
dungeon.sunken_ruins.ruin_knight,dungeon.sunken_ruins,monster.ruin_knight,45,50,5,drop.ruin_knight,1
dungeon.ember_fortress.ash_demon,dungeon.ember_fortress,monster.ash_demon,45,56,60,drop.ash_demon,1
dungeon.ember_fortress.lava_beast,dungeon.ember_fortress,monster.lava_beast,52,65,35,drop.lava_beast,1
dungeon.ember_fortress.furnace_guard,dungeon.ember_fortress,monster.furnace_guard,63,70,5,drop.furnace_guard,1
dungeon.star_rift.rift_walker,dungeon.star_rift,monster.rift_walker,70,88,60,drop.rift_walker,1
dungeon.star_rift.star_golem,dungeon.star_rift,monster.star_golem,82,99,35,drop.star_golem,1
dungeon.star_rift.rift_lord,dungeon.star_rift,monster.rift_lord,90,99,5,drop.rift_lord,1
