id,pool_id,equipment_id,weight
pool.moss_cave.sword,pool.moss_cave,equip.sword,1
pool.moss_cave.axe,pool.moss_cave,equip.axe,1
pool.moss_cave.bow,pool.moss_cave,equip.bow,1
pool.moss_cave.dagger,pool.moss_cave,equip.dagger,1
pool.moss_cave.staff,pool.moss_cave,equip.staff,1
pool.moss_cave.holy_staff,pool.moss_cave,equip.holy_staff,1
pool.moss_cave.head,pool.moss_cave,equip.head,1
pool.moss_cave.body,pool.moss_cave,equip.body,1
pool.moss_cave.hands,pool.moss_cave,equip.hands,1
pool.moss_cave.feet,pool.moss_cave,equip.feet,1
pool.moss_cave.charm,pool.moss_cave,equip.charm,1
pool.abandoned_mine.sword,pool.abandoned_mine,equip.sword,1
pool.abandoned_mine.axe,pool.abandoned_mine,equip.axe,1
pool.abandoned_mine.bow,pool.abandoned_mine,equip.bow,1
pool.abandoned_mine.dagger,pool.abandoned_mine,equip.dagger,1
pool.abandoned_mine.staff,pool.abandoned_mine,equip.staff,1
pool.abandoned_mine.holy_staff,pool.abandoned_mine,equip.holy_staff,1
pool.abandoned_mine.head,pool.abandoned_mine,equip.head,1
pool.abandoned_mine.body,pool.abandoned_mine,equip.body,1
pool.abandoned_mine.hands,pool.abandoned_mine,equip.hands,1
pool.abandoned_mine.feet,pool.abandoned_mine,equip.feet,1
pool.abandoned_mine.charm,pool.abandoned_mine,equip.charm,1
pool.mist_forest.sword,pool.mist_forest,equip.sword,1
pool.mist_forest.axe,pool.mist_forest,equip.axe,1
pool.mist_forest.bow,pool.mist_forest,equip.bow,1
pool.mist_forest.dagger,pool.mist_forest,equip.dagger,1
pool.mist_forest.staff,pool.mist_forest,equip.staff,1
pool.mist_forest.holy_staff,pool.mist_forest,equip.holy_staff,1
pool.mist_forest.head,pool.mist_forest,equip.head,1
pool.mist_forest.body,pool.mist_forest,equip.body,1
pool.mist_forest.hands,pool.mist_forest,equip.hands,1
pool.mist_forest.feet,pool.mist_forest,equip.feet,1
pool.mist_forest.charm,pool.mist_forest,equip.charm,1
pool.sunken_ruins.sword,pool.sunken_ruins,equip.sword,1
pool.sunken_ruins.axe,pool.sunken_ruins,equip.axe,1
pool.sunken_ruins.bow,pool.sunken_ruins,equip.bow,1
pool.sunken_ruins.dagger,pool.sunken_ruins,equip.dagger,1
pool.sunken_ruins.staff,pool.sunken_ruins,equip.staff,1
pool.sunken_ruins.holy_staff,pool.sunken_ruins,equip.holy_staff,1
pool.sunken_ruins.head,pool.sunken_ruins,equip.head,1
pool.sunken_ruins.body,pool.sunken_ruins,equip.body,1
pool.sunken_ruins.hands,pool.sunken_ruins,equip.hands,1
pool.sunken_ruins.feet,pool.sunken_ruins,equip.feet,1
pool.sunken_ruins.charm,pool.sunken_ruins,equip.charm,1
pool.ember_fortress.sword,pool.ember_fortress,equip.sword,1
pool.ember_fortress.axe,pool.ember_fortress,equip.axe,1
pool.ember_fortress.bow,pool.ember_fortress,equip.bow,1
pool.ember_fortress.dagger,pool.ember_fortress,equip.dagger,1
pool.ember_fortress.staff,pool.ember_fortress,equip.staff,1
pool.ember_fortress.holy_staff,pool.ember_fortress,equip.holy_staff,1
pool.ember_fortress.head,pool.ember_fortress,equip.head,1
pool.ember_fortress.body,pool.ember_fortress,equip.body,1
pool.ember_fortress.hands,pool.ember_fortress,equip.hands,1
pool.ember_fortress.feet,pool.ember_fortress,equip.feet,1
pool.ember_fortress.charm,pool.ember_fortress,equip.charm,1
pool.star_rift.sword,pool.star_rift,equip.sword,1
pool.star_rift.axe,pool.star_rift,equip.axe,1
pool.star_rift.bow,pool.star_rift,equip.bow,1
pool.star_rift.dagger,pool.star_rift,equip.dagger,1
pool.star_rift.staff,pool.star_rift,equip.staff,1
pool.star_rift.holy_staff,pool.star_rift,equip.holy_staff,1
pool.star_rift.head,pool.star_rift,equip.head,1
pool.star_rift.body,pool.star_rift,equip.body,1
pool.star_rift.hands,pool.star_rift,equip.hands,1
pool.star_rift.feet,pool.star_rift,equip.feet,1
pool.star_rift.charm,pool.star_rift,equip.charm,1
