id,name,level,sale_price,enabled
material.moss_cave.1,黏液,1,1.04,1
material.moss_cave.2,蝠翼,3,1.12,1
material.moss_cave.3,苔石碎片,8,1.32,1
material.moss_cave.4,苔石洞窟印记,12,1.48,1
material.abandoned_mine.1,矿鼠皮,10,1.40,1
material.abandoned_mine.2,铁矿,14,1.56,1
material.abandoned_mine.3,傀儡核心,20,1.80,1
material.abandoned_mine.4,废弃矿坑印记,25,2.00,1
material.mist_forest.1,孢子,20,1.80,1
material.mist_forest.2,狼牙,24,1.96,1
material.mist_forest.3,古木树脂,30,2.20,1
material.mist_forest.4,迷雾林地印记,35,2.40,1
material.sunken_ruins.1,骨片,30,2.20,1
material.sunken_ruins.2,水灵精华,36,2.44,1
material.sunken_ruins.3,遗迹碎晶,45,2.80,1
material.sunken_ruins.4,沉没遗迹印记,50,3.00,1
material.ember_fortress.1,灰烬粉,45,2.80,1
material.ember_fortress.2,熔岩碎片,52,3.08,1
material.ember_fortress.3,火焰核心,63,3.52,1
material.ember_fortress.4,灰烬堡垒印记,70,3.80,1
material.star_rift.1,裂隙粉尘,70,3.80,1
material.star_rift.2,星蚀结晶,82,4.28,1
material.star_rift.3,领主残核,90,4.60,1
material.star_rift.4,星蚀裂隙印记,99,4.96,1
