id,monster_id,action_kind,skill_id,weight,condition
monster.slime.attack,monster.slime,attack,,100,always
monster.cave_bat.attack,monster.cave_bat,attack,,80,always
monster.cave_bat.evasion,monster.cave_bat,skill,skill.monster.evasion,20.0,always
monster.moss_beast.attack,monster.moss_beast,attack,,65,always
monster.moss_beast.guard,monster.moss_beast,skill,skill.monster.guard,35.0,not_active
monster.moss_king.attack,monster.moss_king,attack,,50,always
monster.moss_king.strike,monster.moss_king,skill,skill.monster.strike,25.0,always
monster.moss_king.guard,monster.moss_king,skill,skill.monster.guard,25.0,not_active
monster.mine_rat.attack,monster.mine_rat,attack,,80,always
monster.mine_rat.strike,monster.mine_rat,skill,skill.monster.strike,20.0,always
monster.ore_golem.attack,monster.ore_golem,attack,,80,always
monster.ore_golem.guard,monster.ore_golem,skill,skill.monster.guard,20.0,not_active
monster.iron_guard.attack,monster.iron_guard,attack,,65,always
monster.iron_guard.armor_break,monster.iron_guard,skill,skill.monster.armor_break,35.0,always
monster.mine_giant.attack,monster.mine_giant,attack,,50,always
monster.mine_giant.armor_break,monster.mine_giant,skill,skill.monster.armor_break,25.0,always
monster.mine_giant.strike,monster.mine_giant,skill,skill.monster.strike,25.0,always
monster.toxic_mushroom.attack,monster.toxic_mushroom,attack,,80,always
monster.toxic_mushroom.poison,monster.toxic_mushroom,skill,skill.monster.poison,20.0,always
monster.mist_wolf.attack,monster.mist_wolf,attack,,80,always
monster.mist_wolf.strike,monster.mist_wolf,skill,skill.monster.strike,20.0,always
monster.ancient_guard.attack,monster.ancient_guard,attack,,65,always
monster.ancient_guard.heal,monster.ancient_guard,skill,skill.monster.heal,35.0,hp_below_50
monster.mist_treant.attack,monster.mist_treant,attack,,50,always
monster.mist_treant.poison,monster.mist_treant,skill,skill.monster.poison,25.0,always
monster.mist_treant.heal,monster.mist_treant,skill,skill.monster.heal,25.0,hp_below_50
monster.ruin_skeleton.attack,monster.ruin_skeleton,attack,,80,always
monster.ruin_skeleton.strike,monster.ruin_skeleton,skill,skill.monster.strike,20.0,always
monster.water_spirit.attack,monster.water_spirit,attack,,80,always
monster.water_spirit.magic_strike,monster.water_spirit,skill,skill.monster.magic_strike,20.0,always
monster.ruin_knight.attack,monster.ruin_knight,attack,,65,always
monster.ruin_knight.guard,monster.ruin_knight,skill,skill.monster.guard,35.0,not_active
monster.tide_priest.attack,monster.tide_priest,attack,,50,always
monster.tide_priest.shield,monster.tide_priest,skill,skill.monster.shield,25.0,not_active
monster.tide_priest.magic_strike,monster.tide_priest,skill,skill.monster.magic_strike,25.0,always
monster.ash_demon.attack,monster.ash_demon,attack,,80,always
monster.ash_demon.burn,monster.ash_demon,skill,skill.monster.burn,20.0,always
monster.lava_beast.attack,monster.lava_beast,attack,,80,always
monster.lava_beast.strike,monster.lava_beast,skill,skill.monster.strike,20.0,always
monster.furnace_guard.attack,monster.furnace_guard,attack,,65,always
monster.furnace_guard.strike,monster.furnace_guard,skill,skill.monster.strike,35.0,always
monster.ash_lord.attack,monster.ash_lord,attack,,50,always
monster.ash_lord.burn,monster.ash_lord,skill,skill.monster.burn,25.0,always
monster.ash_lord.magic_strike,monster.ash_lord,skill,skill.monster.magic_strike,25.0,always
monster.rift_walker.attack,monster.rift_walker,attack,,80,always
monster.rift_walker.evasion,monster.rift_walker,skill,skill.monster.evasion,20.0,always
monster.star_golem.attack,monster.star_golem,attack,,80,always
monster.star_golem.armor_break,monster.star_golem,skill,skill.monster.armor_break,20.0,always
monster.rift_lord.attack,monster.rift_lord,attack,,65,always
monster.rift_lord.curse,monster.rift_lord,skill,skill.monster.curse,35.0,always
monster.star_overlord.attack,monster.star_overlord,attack,,50,always
monster.star_overlord.curse,monster.star_overlord,skill,skill.monster.curse,25.0,always
monster.star_overlord.burn,monster.star_overlord,skill,skill.monster.burn,25.0,always
