id,name,rank,profile,level_min,level_max,enabled
monster.slime,软泥怪,normal,plain,1,5,1
monster.cave_bat,洞穴蝙蝠,normal,agile,3,8,1
monster.moss_beast,苔石兽,elite,armored,8,12,1
monster.moss_king,苔冠巨兽,boss,armored,10,12,1
monster.mine_rat,矿洞鼠,normal,agile,10,16,1
monster.ore_golem,矿石傀儡,normal,armored,14,22,1
monster.iron_guard,铁甲矿卫,elite,armored,20,25,1
monster.mine_giant,深矿巨像,boss,armored,22,25,1
monster.toxic_mushroom,毒蘑菇,normal,magic,20,27,1
monster.mist_wolf,迷雾狼,normal,agile,24,32,1
monster.ancient_guard,古树守卫,elite,armored,30,35,1
monster.mist_treant,迷雾树王,boss,magic,32,35,1
monster.ruin_skeleton,遗迹骷髅,normal,plain,30,40,1
monster.water_spirit,幽水灵,normal,magic,36,46,1
monster.ruin_knight,遗迹骑士,elite,armored,45,50,1
monster.tide_priest,潮汐祭司,boss,magic,47,50,1
monster.ash_demon,灰烬魔,normal,magic,45,56,1
monster.lava_beast,熔岩兽,normal,plain,52,65,1
monster.furnace_guard,熔炉守卫,elite,armored,63,70,1
monster.ash_lord,灰烬领主,boss,magic,65,70,1
monster.rift_walker,裂隙行者,normal,agile,70,88,1
monster.star_golem,星蚀魔像,normal,armored,82,99,1
monster.rift_lord,裂隙领主,elite,magic,90,99,1
monster.star_overlord,星蚀主宰,boss,magic,95,99,1
