id,name,parent_id,stage,required_level,hp_growth,mp_growth,enabled,strength_growth,dexterity_growth,intelligence_growth,vitality_growth,spirit_growth,luck_growth
job.novice,新手,,0,1,6,3,1,2,2,2,2,2,2
job.warrior,战士,job.novice,1,10,16,2,1,4,1,1,4,1,1
job.mage,法师,job.novice,1,10,6,14,1,1,1,4,1,4,1
job.ranger,游侠,job.novice,1,10,10,5,1,2,4,1,2,1,2
job.priest,牧师,job.novice,1,10,8,12,1,1,1,3,2,4,1
job.swordsman,剑士,job.warrior,2,30,22,4,1,6,2,1,4,1,2
job.guardian,守卫,job.warrior,2,30,30,4,1,4,1,1,7,2,1
job.elementalist,元素师,job.mage,2,30,8,22,1,1,1,7,2,4,1
job.occultist,秘术师,job.mage,2,30,10,20,1,1,2,5,2,5,1
job.archer,弓手,job.ranger,2,30,14,8,1,3,7,1,2,1,2
job.assassin,刺客,job.ranger,2,30,12,6,1,3,5,1,2,1,4
job.cleric,祭司,job.priest,2,30,12,20,1,1,1,4,3,6,1
job.naturalist,自然使,job.priest,2,30,16,16,1,1,2,3,4,5,1
job.swordmaster,剑圣,job.swordsman,3,70,30,7,1,9,3,1,4,1,2
job.spellblade,魔剑士,job.swordsman,3,70,28,12,1,7,2,4,4,1,2
job.paladin,圣骑士,job.guardian,3,70,40,10,1,4,1,1,8,5,1
job.berserker,狂战士,job.guardian,3,70,42,6,1,7,1,1,8,2,1
job.pyromancer,炎术师,job.elementalist,3,70,12,32,1,1,1,10,2,5,1
job.cryomancer,冰术师,job.elementalist,3,70,14,30,1,1,1,9,2,6,1
job.warlock,咒术师,job.occultist,3,70,14,30,1,1,2,8,2,6,1
job.summoner,召唤师,job.occultist,3,70,16,28,1,1,2,7,2,7,1
job.sharpshooter,神射手,job.archer,3,70,20,12,1,3,10,1,2,1,3
job.hunter,猎人,job.archer,3,70,22,12,1,5,9,1,2,1,2
job.shadowdancer,影舞者,job.assassin,3,70,18,9,1,3,8,1,2,1,5
job.trickster,诡术师,job.assassin,3,70,18,11,1,3,6,1,2,1,7
job.highpriest,神官,job.cleric,3,70,18,30,1,1,1,5,3,9,1
job.inquisitor,审判者,job.cleric,3,70,20,28,1,1,1,6,3,8,1
job.druid,德鲁伊,job.naturalist,3,70,26,22,1,1,2,3,6,7,1
job.warden,守望者,job.naturalist,3,70,26,22,1,1,2,3,5,8,1
