id,value
round_seconds,15
encounter_delay_seconds,30
loot_interval_seconds,300
equipment_interval_seconds,1800
loot_carry_cap,2
equipment_carry_cap,1
entry_energy_cost,10
energy_per_block,2
energy_block_seconds,300
daily_minutes,120
level_cap,99
normal_equipment_chance,0.2
normal_gold_chance,0.02
elite_gold_chance,0.05
boss_gold_chance,0.15
weapon_sale_base,10
weapon_sale_per_level,0.5
equipment_per_hour_limit,2
potion_carry_cap,20
defeat_rest_seconds,1800
outside_recovery_seconds,300
hp_recovery_ratio,0.05
mp_recovery_ratio,0.1
defeat_hp_ratio,0.2
hp_base,44
mp_base,12
hp_per_vitality,12
mp_per_intelligence,6
mp_per_spirit,4
accuracy_base,0.95
dex_accuracy_max,0.1
dex_accuracy_scale,80
evasion_base,0.03
dex_evasion_max,0.25
dex_evasion_scale,120
hit_min,0.2
hit_max,0.98
evasion_cap,0.35
critical_base,0.05
luck_critical_max,0.3
luck_critical_scale,150
critical_cap,0.6
critical_damage_base,1.5
critical_damage_cap,3
defense_scale_base,60
defense_scale_per_level,6
defense_reduction_cap,0.75
status_reduction_cap,0.6
defend_reduction,0.35
penetration_cap,0.6
xp_constant,10
xp_linear,3
xp_quadratic,0.3
xp_overlevel_base_cap,1.25
xp_requirement_constant,200
xp_requirement_linear_squared,20
xp_requirement_cubic,1.6
damage_variation_min,0.95
damage_variation_max,1.05
affix_sale_bonus_cap,0.1
attribute_percent_bonus_min,-0.9
attribute_percent_bonus_max,2
vulnerability_cap,1
