id,name,profession_id,learn_level,kind,enabled
skill.player.001,重斩,job.warrior,10,active,1
skill.player.002,护体,job.warrior,15,active,1
skill.player.003,健壮,job.warrior,20,passive,1
skill.player.004,魔力弹,job.mage,10,active,1
skill.player.005,魔法屏障,job.mage,15,active,1
skill.player.006,冥想,job.mage,20,passive,1
skill.player.007,精准射击,job.ranger,10,active,1
skill.player.008,闪身,job.ranger,15,active,1
skill.player.009,灵巧,job.ranger,20,passive,1
skill.player.010,治愈术,job.priest,10,active,1
skill.player.011,圣光,job.priest,15,active,1
skill.player.012,信念,job.priest,20,passive,1
skill.player.013,连斩,job.swordsman,30,active,1
skill.player.014,剑术精通,job.swordsman,45,passive,1
skill.player.015,盾击,job.guardian,30,active,1
skill.player.016,坚壁,job.guardian,45,passive,1
skill.player.017,灼烧术,job.elementalist,30,active,1
skill.player.018,元素专注,job.elementalist,45,passive,1
skill.player.019,虚弱咒,job.occultist,30,active,1
skill.player.020,秘术节流,job.occultist,45,passive,1
skill.player.021,蓄力箭,job.archer,30,active,1
skill.player.022,鹰眼,job.archer,45,passive,1
skill.player.023,背刺,job.assassin,30,active,1
skill.player.024,致命技巧,job.assassin,45,passive,1
skill.player.025,恢复祷言,job.cleric,30,active,1
skill.player.026,治疗精通,job.cleric,45,passive,1
skill.player.027,荆棘术,job.naturalist,30,active,1
skill.player.028,自然韧性,job.naturalist,45,passive,1
skill.player.029,破甲斩,job.swordmaster,70,active,1
skill.player.030,剑意,job.swordmaster,80,passive,1
skill.player.031,魔刃斩,job.spellblade,70,active,1
skill.player.032,魔刃修习,job.spellblade,80,passive,1
skill.player.033,圣盾,job.paladin,70,active,1
skill.player.034,圣铠,job.paladin,80,passive,1
skill.player.035,狂怒击,job.berserker,70,active,1
skill.player.036,不屈,job.berserker,80,passive,1
skill.player.037,炎爆,job.pyromancer,70,active,1
skill.player.038,炽热,job.pyromancer,80,passive,1
skill.player.039,冰封术,job.cryomancer,70,active,1
skill.player.040,寒霜护体,job.cryomancer,80,passive,1
skill.player.041,衰败咒,job.warlock,70,active,1
skill.player.042,咒术延展,job.warlock,80,passive,1
skill.player.043,魔灵契约,job.summoner,70,active,1
skill.player.044,契约精通,job.summoner,80,passive,1
skill.player.045,穿透箭,job.sharpshooter,70,active,1
skill.player.046,精准要害,job.sharpshooter,80,passive,1
skill.player.047,猎杀标记,job.hunter,70,active,1
skill.player.048,狩猎经验,job.hunter,80,passive,1
skill.player.049,影袭,job.shadowdancer,70,active,1
skill.player.050,影步,job.shadowdancer,80,passive,1
skill.player.051,毒刃,job.trickster,70,active,1
skill.player.052,毒术精通,job.trickster,80,passive,1
skill.player.053,大治愈术,job.highpriest,70,active,1
skill.player.054,神恩,job.highpriest,80,passive,1
skill.player.055,审判之光,job.inquisitor,70,active,1
skill.player.056,圣光精通,job.inquisitor,80,passive,1
skill.player.057,回春术,job.druid,70,active,1
skill.player.058,自然祝福,job.druid,80,passive,1
skill.player.059,森林结界,job.warden,70,active,1
skill.player.060,守望意志,job.warden,80,passive,1
skill.monster.strike,重击,,1,monster,1
skill.monster.magic_strike,灵击,,1,monster,1
skill.monster.evasion,闪身,,1,monster,1
skill.monster.guard,护体,,1,monster,1
skill.monster.armor_break,破甲击,,1,monster,1
skill.monster.poison,毒孢,,1,monster,1
skill.monster.heal,再生,,1,monster,1
skill.monster.shield,灵盾,,1,monster,1
skill.monster.burn,炎灼,,1,monster,1
skill.monster.curse,星蚀咒,,1,monster,1
