id,skill_level_id,code,stat,value,duration,target,damage_type,group,hits,chance
skill.player.001.r1.e1,skill.player.001.r1,damage,physical_attack,1.35,0,enemy,physical,,1,1
skill.player.001.r2.e1,skill.player.001.r2,damage,physical_attack,1.485,0,enemy,physical,,1,1
skill.player.001.r3.e1,skill.player.001.r3,damage,physical_attack,1.62,0,enemy,physical,,1,1
skill.player.002.r1.e1,skill.player.002.r1,modifier,reduction,0.2,2,self,,reduction,1,1
skill.player.002.r2.e1,skill.player.002.r2,modifier,reduction,0.22,2,self,,reduction,1,1
skill.player.002.r3.e1,skill.player.002.r3,modifier,reduction,0.24,2,self,,reduction,1,1
skill.player.003.r1.e1,skill.player.003.r1,passive_percent,hp_max,0.05,0,self,,,1,1
skill.player.003.r2.e1,skill.player.003.r2,passive_percent,hp_max,0.075,0,self,,,1,1
skill.player.003.r3.e1,skill.player.003.r3,passive_percent,hp_max,0.1,0,self,,,1,1
skill.player.004.r1.e1,skill.player.004.r1,damage,magic_attack,1.35,0,enemy,magic,,1,1
skill.player.004.r2.e1,skill.player.004.r2,damage,magic_attack,1.485,0,enemy,magic,,1,1
skill.player.004.r3.e1,skill.player.004.r3,damage,magic_attack,1.62,0,enemy,magic,,1,1
skill.player.005.r1.e1,skill.player.005.r1,shield,magic_attack,1.0,2,self,,shield,1,1
skill.player.005.r2.e1,skill.player.005.r2,shield,magic_attack,1.1,2,self,,shield,1,1
skill.player.005.r3.e1,skill.player.005.r3,shield,magic_attack,1.2,2,self,,shield,1,1
skill.player.006.r1.e1,skill.player.006.r1,passive_percent,mp_max,0.05,0,self,,,1,1
skill.player.006.r2.e1,skill.player.006.r2,passive_percent,mp_max,0.075,0,self,,,1,1
skill.player.006.r3.e1,skill.player.006.r3,passive_percent,mp_max,0.1,0,self,,,1,1
skill.player.007.r1.e1,skill.player.007.r1,damage,physical_attack,1.25,0,enemy,physical,,1,1
skill.player.007.r1.e2,skill.player.007.r1,attack_accuracy,,0.08,0,enemy,,,1,1
skill.player.007.r2.e1,skill.player.007.r2,damage,physical_attack,1.375,0,enemy,physical,,1,1
skill.player.007.r2.e2,skill.player.007.r2,attack_accuracy,,0.088,0,enemy,,,1,1
skill.player.007.r3.e1,skill.player.007.r3,damage,physical_attack,1.5,0,enemy,physical,,1,1
skill.player.007.r3.e2,skill.player.007.r3,attack_accuracy,,0.096,0,enemy,,,1,1
skill.player.008.r1.e1,skill.player.008.r1,modifier,evasion,0.1,2,self,,evasion,1,1
skill.player.008.r2.e1,skill.player.008.r2,modifier,evasion,0.11,2,self,,evasion,1,1
skill.player.008.r3.e1,skill.player.008.r3,modifier,evasion,0.12,2,self,,evasion,1,1
skill.player.009.r1.e1,skill.player.009.r1,passive_percent,dexterity,0.05,0,self,,,1,1
skill.player.009.r2.e1,skill.player.009.r2,passive_percent,dexterity,0.075,0,self,,,1,1
skill.player.009.r3.e1,skill.player.009.r3,passive_percent,dexterity,0.1,0,self,,,1,1
skill.player.010.r1.e1,skill.player.010.r1,heal,healing,1.2,0,self,,,1,1
skill.player.010.r2.e1,skill.player.010.r2,heal,healing,1.32,0,self,,,1,1
skill.player.010.r3.e1,skill.player.010.r3,heal,healing,1.44,0,self,,,1,1
skill.player.011.r1.e1,skill.player.011.r1,damage,magic_attack,1.25,0,enemy,magic,,1,1
skill.player.011.r2.e1,skill.player.011.r2,damage,magic_attack,1.375,0,enemy,magic,,1,1
skill.player.011.r3.e1,skill.player.011.r3,damage,magic_attack,1.5,0,enemy,magic,,1,1
skill.player.012.r1.e1,skill.player.012.r1,passive_percent,spirit,0.05,0,self,,,1,1
skill.player.012.r2.e1,skill.player.012.r2,passive_percent,spirit,0.075,0,self,,,1,1
skill.player.012.r3.e1,skill.player.012.r3,passive_percent,spirit,0.1,0,self,,,1,1
skill.player.013.r1.e1,skill.player.013.r1,damage,physical_attack,0.85,0,enemy,physical,,2,1
skill.player.013.r2.e1,skill.player.013.r2,damage,physical_attack,0.935,0,enemy,physical,,2,1
skill.player.013.r3.e1,skill.player.013.r3,damage,physical_attack,1.02,0,enemy,physical,,2,1
skill.player.014.r1.e1,skill.player.014.r1,passive_percent,weapon_attack,0.1,0,self,,,1,1
skill.player.014.r2.e1,skill.player.014.r2,passive_percent,weapon_attack,0.15,0,self,,,1,1
skill.player.014.r3.e1,skill.player.014.r3,passive_percent,weapon_attack,0.2,0,self,,,1,1
skill.player.015.r1.e1,skill.player.015.r1,damage,physical_attack,1.1,0,enemy,physical,,1,1
skill.player.015.r1.e2,skill.player.015.r1,modifier,attack,-0.15,1,enemy,,attack,1,1
skill.player.015.r2.e1,skill.player.015.r2,damage,physical_attack,1.21,0,enemy,physical,,1,1
skill.player.015.r2.e2,skill.player.015.r2,modifier,attack,-0.165,1,enemy,,attack,1,1
skill.player.015.r3.e1,skill.player.015.r3,damage,physical_attack,1.32,0,enemy,physical,,1,1
skill.player.015.r3.e2,skill.player.015.r3,modifier,attack,-0.18,1,enemy,,attack,1,1
skill.player.016.r1.e1,skill.player.016.r1,passive_percent,physical_defense,0.05,0,self,,,1,1
skill.player.016.r2.e1,skill.player.016.r2,passive_percent,physical_defense,0.075,0,self,,,1,1
skill.player.016.r3.e1,skill.player.016.r3,passive_percent,physical_defense,0.1,0,self,,,1,1
skill.player.017.r1.e1,skill.player.017.r1,damage,magic_attack,1.1,0,enemy,magic,,1,1
skill.player.017.r1.e2,skill.player.017.r1,dot,magic_attack,0.2,3,enemy,magic,burn,1,1
skill.player.017.r2.e1,skill.player.017.r2,damage,magic_attack,1.21,0,enemy,magic,,1,1
skill.player.017.r2.e2,skill.player.017.r2,dot,magic_attack,0.22,3,enemy,magic,burn,1,1
skill.player.017.r3.e1,skill.player.017.r3,damage,magic_attack,1.32,0,enemy,magic,,1,1
skill.player.017.r3.e2,skill.player.017.r3,dot,magic_attack,0.24,3,enemy,magic,burn,1,1
skill.player.018.r1.e1,skill.player.018.r1,passive_percent,magic_attack,0.05,0,self,,,1,1
skill.player.018.r2.e1,skill.player.018.r2,passive_percent,magic_attack,0.075,0,self,,,1,1
skill.player.018.r3.e1,skill.player.018.r3,passive_percent,magic_attack,0.1,0,self,,,1,1
skill.player.019.r1.e1,skill.player.019.r1,modifier,attack,-0.2,3,enemy,,attack,1,1
skill.player.019.r2.e1,skill.player.019.r2,modifier,attack,-0.22,3,enemy,,attack,1,1
skill.player.019.r3.e1,skill.player.019.r3,modifier,attack,-0.24,3,enemy,,attack,1,1
skill.player.020.r1.e1,skill.player.020.r1,passive_cost,mp,0.05,0,self,,,1,1
skill.player.020.r2.e1,skill.player.020.r2,passive_cost,mp,0.075,0,self,,,1,1
skill.player.020.r3.e1,skill.player.020.r3,passive_cost,mp,0.1,0,self,,,1,1
skill.player.021.r1.e1,skill.player.021.r1,damage,physical_attack,1.8,0,enemy,physical,,1,1
skill.player.021.r2.e1,skill.player.021.r2,damage,physical_attack,1.98,0,enemy,physical,,1,1
skill.player.021.r3.e1,skill.player.021.r3,damage,physical_attack,2.16,0,enemy,physical,,1,1
skill.player.022.r1.e1,skill.player.022.r1,passive_flat,accuracy,0.02,0,self,,,1,1
skill.player.022.r2.e1,skill.player.022.r2,passive_flat,accuracy,0.03,0,self,,,1,1
skill.player.022.r3.e1,skill.player.022.r3,passive_flat,accuracy,0.04,0,self,,,1,1
skill.player.023.r1.e1,skill.player.023.r1,damage,physical_attack,1.5,0,enemy,physical,,1,1
skill.player.023.r1.e2,skill.player.023.r1,attack_critical,,0.15,0,enemy,,,1,1
skill.player.023.r2.e1,skill.player.023.r2,damage,physical_attack,1.65,0,enemy,physical,,1,1
skill.player.023.r2.e2,skill.player.023.r2,attack_critical,,0.165,0,enemy,,,1,1
skill.player.023.r3.e1,skill.player.023.r3,damage,physical_attack,1.8,0,enemy,physical,,1,1
skill.player.023.r3.e2,skill.player.023.r3,attack_critical,,0.18,0,enemy,,,1,1
skill.player.024.r1.e1,skill.player.024.r1,passive_flat,critical_damage,0.05,0,self,,,1,1
skill.player.024.r2.e1,skill.player.024.r2,passive_flat,critical_damage,0.075,0,self,,,1,1
skill.player.024.r3.e1,skill.player.024.r3,passive_flat,critical_damage,0.1,0,self,,,1,1
skill.player.025.r1.e1,skill.player.025.r1,hot,healing,0.55,3,self,,regeneration,1,1
skill.player.025.r2.e1,skill.player.025.r2,hot,healing,0.605,3,self,,regeneration,1,1
skill.player.025.r3.e1,skill.player.025.r3,hot,healing,0.66,3,self,,regeneration,1,1
skill.player.026.r1.e1,skill.player.026.r1,passive_percent,healing,0.05,0,self,,,1,1
skill.player.026.r2.e1,skill.player.026.r2,passive_percent,healing,0.075,0,self,,,1,1
skill.player.026.r3.e1,skill.player.026.r3,passive_percent,healing,0.1,0,self,,,1,1
skill.player.027.r1.e1,skill.player.027.r1,damage,magic_attack,1.1,0,enemy,magic,,1,1
skill.player.027.r1.e2,skill.player.027.r1,modifier,accuracy,-0.08,2,enemy,,accuracy,1,1
skill.player.027.r2.e1,skill.player.027.r2,damage,magic_attack,1.21,0,enemy,magic,,1,1
skill.player.027.r2.e2,skill.player.027.r2,modifier,accuracy,-0.088,2,enemy,,accuracy,1,1
skill.player.027.r3.e1,skill.player.027.r3,damage,magic_attack,1.32,0,enemy,magic,,1,1
skill.player.027.r3.e2,skill.player.027.r3,modifier,accuracy,-0.096,2,enemy,,accuracy,1,1
skill.player.028.r1.e1,skill.player.028.r1,passive_percent,hp_max,0.03,0,self,,,1,1
skill.player.028.r1.e2,skill.player.028.r1,passive_percent,magic_defense,0.03,0,self,,,1,1
skill.player.028.r2.e1,skill.player.028.r2,passive_percent,hp_max,0.045,0,self,,,1,1
skill.player.028.r2.e2,skill.player.028.r2,passive_percent,magic_defense,0.045,0,self,,,1,1
skill.player.028.r3.e1,skill.player.028.r3,passive_percent,hp_max,0.06,0,self,,,1,1
skill.player.028.r3.e2,skill.player.028.r3,passive_percent,magic_defense,0.06,0,self,,,1,1
skill.player.029.r1.e1,skill.player.029.r1,damage,physical_attack,1.8,0,enemy,physical,,1,1
skill.player.029.r1.e2,skill.player.029.r1,modifier,physical_defense,-0.2,3,enemy,,physical_defense,1,1
skill.player.029.r2.e1,skill.player.029.r2,damage,physical_attack,1.98,0,enemy,physical,,1,1
skill.player.029.r2.e2,skill.player.029.r2,modifier,physical_defense,-0.22,3,enemy,,physical_defense,1,1
skill.player.029.r3.e1,skill.player.029.r3,damage,physical_attack,2.16,0,enemy,physical,,1,1
skill.player.029.r3.e2,skill.player.029.r3,modifier,physical_defense,-0.24,3,enemy,,physical_defense,1,1
skill.player.030.r1.e1,skill.player.030.r1,passive_percent,physical_attack,0.05,0,self,,,1,1
skill.player.030.r2.e1,skill.player.030.r2,passive_percent,physical_attack,0.075,0,self,,,1,1
skill.player.030.r3.e1,skill.player.030.r3,passive_percent,physical_attack,0.1,0,self,,,1,1
skill.player.031.r1.e1,skill.player.031.r1,damage,physical_attack,0.9,0,enemy,physical,,1,1
skill.player.031.r1.e2,skill.player.031.r1,damage,magic_attack,0.9,0,enemy,magic,,1,1
skill.player.031.r1.e3,skill.player.031.r1,shared_hit,,1,0,enemy,,,1,1
skill.player.031.r2.e1,skill.player.031.r2,damage,physical_attack,0.99,0,enemy,physical,,1,1
skill.player.031.r2.e2,skill.player.031.r2,damage,magic_attack,0.99,0,enemy,magic,,1,1
skill.player.031.r2.e3,skill.player.031.r2,shared_hit,,1,0,enemy,,,1,1
skill.player.031.r3.e1,skill.player.031.r3,damage,physical_attack,1.08,0,enemy,physical,,1,1
skill.player.031.r3.e2,skill.player.031.r3,damage,magic_attack,1.08,0,enemy,magic,,1,1
skill.player.031.r3.e3,skill.player.031.r3,shared_hit,,1,0,enemy,,,1,1
skill.player.032.r1.e1,skill.player.032.r1,passive_conversion,strength_to_magic,0.1,0,self,,,1,1
skill.player.032.r2.e1,skill.player.032.r2,passive_conversion,strength_to_magic,0.15,0,self,,,1,1
skill.player.032.r3.e1,skill.player.032.r3,passive_conversion,strength_to_magic,0.2,0,self,,,1,1
skill.player.033.r1.e1,skill.player.033.r1,shield,healing,1.2,3,self,,shield,1,1
skill.player.033.r1.e2,skill.player.033.r1,heal,healing,0.5,0,self,,,1,1
skill.player.033.r2.e1,skill.player.033.r2,shield,healing,1.32,3,self,,shield,1,1
skill.player.033.r2.e2,skill.player.033.r2,heal,healing,0.55,0,self,,,1,1
skill.player.033.r3.e1,skill.player.033.r3,shield,healing,1.44,3,self,,shield,1,1
skill.player.033.r3.e2,skill.player.033.r3,heal,healing,0.6,0,self,,,1,1
skill.player.034.r1.e1,skill.player.034.r1,passive_percent,physical_defense,0.05,0,self,,,1,1
skill.player.034.r1.e2,skill.player.034.r1,passive_percent,magic_defense,0.05,0,self,,,1,1
skill.player.034.r2.e1,skill.player.034.r2,passive_percent,physical_defense,0.075,0,self,,,1,1
skill.player.034.r2.e2,skill.player.034.r2,passive_percent,magic_defense,0.075,0,self,,,1,1
skill.player.034.r3.e1,skill.player.034.r3,passive_percent,physical_defense,0.1,0,self,,,1,1
skill.player.034.r3.e2,skill.player.034.r3,passive_percent,magic_defense,0.1,0,self,,,1,1
skill.player.035.r1.e1,skill.player.035.r1,damage,physical_attack,1.6,0,enemy,physical,,1,1
skill.player.035.r1.e2,skill.player.035.r1,missing_hp_damage,,0.5,0,enemy,,,1,1
skill.player.035.r2.e1,skill.player.035.r2,damage,physical_attack,1.76,0,enemy,physical,,1,1
skill.player.035.r2.e2,skill.player.035.r2,missing_hp_damage,,0.55,0,enemy,,,1,1
skill.player.035.r3.e1,skill.player.035.r3,damage,physical_attack,1.92,0,enemy,physical,,1,1
skill.player.035.r3.e2,skill.player.035.r3,missing_hp_damage,,0.6,0,enemy,,,1,1
skill.player.036.r1.e1,skill.player.036.r1,passive_low_hp,reduction,0.05,0,self,,,1,1
skill.player.036.r2.e1,skill.player.036.r2,passive_low_hp,reduction,0.075,0,self,,,1,1
skill.player.036.r3.e1,skill.player.036.r3,passive_low_hp,reduction,0.1,0,self,,,1,1
skill.player.037.r1.e1,skill.player.037.r1,damage,magic_attack,1.8,0,enemy,magic,,1,1
skill.player.037.r1.e2,skill.player.037.r1,dot,magic_attack,0.25,3,enemy,magic,burn,1,1
skill.player.037.r2.e1,skill.player.037.r2,damage,magic_attack,1.98,0,enemy,magic,,1,1
skill.player.037.r2.e2,skill.player.037.r2,dot,magic_attack,0.275,3,enemy,magic,burn,1,1
skill.player.037.r3.e1,skill.player.037.r3,damage,magic_attack,2.16,0,enemy,magic,,1,1
skill.player.037.r3.e2,skill.player.037.r3,dot,magic_attack,0.3,3,enemy,magic,burn,1,1
skill.player.038.r1.e1,skill.player.038.r1,passive_damage,burn,0.1,0,self,,,1,1
skill.player.038.r2.e1,skill.player.038.r2,passive_damage,burn,0.15,0,self,,,1,1
skill.player.038.r3.e1,skill.player.038.r3,passive_damage,burn,0.2,0,self,,,1,1
skill.player.039.r1.e1,skill.player.039.r1,damage,magic_attack,1.5,0,enemy,magic,,1,1
skill.player.039.r1.e2,skill.player.039.r1,modifier,attack,-0.2,2,enemy,,attack,1,1
skill.player.039.r2.e1,skill.player.039.r2,damage,magic_attack,1.65,0,enemy,magic,,1,1
skill.player.039.r2.e2,skill.player.039.r2,modifier,attack,-0.22,2,enemy,,attack,1,1
skill.player.039.r3.e1,skill.player.039.r3,damage,magic_attack,1.8,0,enemy,magic,,1,1
skill.player.039.r3.e2,skill.player.039.r3,modifier,attack,-0.24,2,enemy,,attack,1,1
skill.player.040.r1.e1,skill.player.040.r1,passive_percent,magic_defense,0.08,0,self,,,1,1
skill.player.040.r2.e1,skill.player.040.r2,passive_percent,magic_defense,0.12,0,self,,,1,1
skill.player.040.r3.e1,skill.player.040.r3,passive_percent,magic_defense,0.16,0,self,,,1,1
skill.player.041.r1.e1,skill.player.041.r1,dot,magic_attack,0.4,3,enemy,magic,decay,1,1
skill.player.041.r1.e2,skill.player.041.r1,modifier,defense,-0.15,3,enemy,,defense,1,1
skill.player.041.r2.e1,skill.player.041.r2,dot,magic_attack,0.44,3,enemy,magic,decay,1,1
skill.player.041.r2.e2,skill.player.041.r2,modifier,defense,-0.165,3,enemy,,defense,1,1
skill.player.041.r3.e1,skill.player.041.r3,dot,magic_attack,0.48,3,enemy,magic,decay,1,1
skill.player.041.r3.e2,skill.player.041.r3,modifier,defense,-0.18,3,enemy,,defense,1,1
skill.player.042.r1.e1,skill.player.042.r1,passive_duration,debuff,1,0,self,,,1,1
skill.player.042.r2.e1,skill.player.042.r2,passive_duration,debuff,1,0,self,,,1,1
skill.player.042.r3.e1,skill.player.042.r3,passive_duration,debuff,2,0,self,,,1,1
skill.player.043.r1.e1,skill.player.043.r1,dot,magic_attack,0.5,3,enemy,magic,contract,1,1
skill.player.043.r2.e1,skill.player.043.r2,dot,magic_attack,0.55,3,enemy,magic,contract,1,1
skill.player.043.r3.e1,skill.player.043.r3,dot,magic_attack,0.6,3,enemy,magic,contract,1,1
skill.player.044.r1.e1,skill.player.044.r1,passive_damage,contract,0.1,0,self,,,1,1
skill.player.044.r2.e1,skill.player.044.r2,passive_damage,contract,0.15,0,self,,,1,1
skill.player.044.r3.e1,skill.player.044.r3,passive_damage,contract,0.2,0,self,,,1,1
skill.player.045.r1.e1,skill.player.045.r1,damage,physical_attack,1.8,0,enemy,physical,,1,1
skill.player.045.r1.e2,skill.player.045.r1,attack_penetration,,0.2,0,enemy,,,1,1
skill.player.045.r2.e1,skill.player.045.r2,damage,physical_attack,1.98,0,enemy,physical,,1,1
skill.player.045.r2.e2,skill.player.045.r2,attack_penetration,,0.22,0,enemy,,,1,1
skill.player.045.r3.e1,skill.player.045.r3,damage,physical_attack,2.16,0,enemy,physical,,1,1
skill.player.045.r3.e2,skill.player.045.r3,attack_penetration,,0.24,0,enemy,,,1,1
skill.player.046.r1.e1,skill.player.046.r1,passive_flat,critical,0.02,0,self,,,1,1
skill.player.046.r2.e1,skill.player.046.r2,passive_flat,critical,0.03,0,self,,,1,1
skill.player.046.r3.e1,skill.player.046.r3,passive_flat,critical,0.04,0,self,,,1,1
skill.player.047.r1.e1,skill.player.047.r1,modifier,damage_taken,0.2,3,enemy,,damage_taken,1,1
skill.player.047.r2.e1,skill.player.047.r2,modifier,damage_taken,0.22,3,enemy,,damage_taken,1,1
skill.player.047.r3.e1,skill.player.047.r3,modifier,damage_taken,0.24,3,enemy,,damage_taken,1,1
skill.player.048.r1.e1,skill.player.048.r1,passive_damage,elite_boss,0.05,0,self,,,1,1
skill.player.048.r2.e1,skill.player.048.r2,passive_damage,elite_boss,0.075,0,self,,,1,1
skill.player.048.r3.e1,skill.player.048.r3,passive_damage,elite_boss,0.1,0,self,,,1,1
skill.player.049.r1.e1,skill.player.049.r1,damage,physical_attack,0.65,0,enemy,physical,,3,1
skill.player.049.r2.e1,skill.player.049.r2,damage,physical_attack,0.715,0,enemy,physical,,3,1
skill.player.049.r3.e1,skill.player.049.r3,damage,physical_attack,0.78,0,enemy,physical,,3,1
skill.player.050.r1.e1,skill.player.050.r1,passive_flat,evasion,0.02,0,self,,,1,1
skill.player.050.r2.e1,skill.player.050.r2,passive_flat,evasion,0.03,0,self,,,1,1
skill.player.050.r3.e1,skill.player.050.r3,passive_flat,evasion,0.04,0,self,,,1,1
skill.player.051.r1.e1,skill.player.051.r1,damage,physical_attack,1.3,0,enemy,physical,,1,1
skill.player.051.r1.e2,skill.player.051.r1,dot,physical_attack,0.25,3,enemy,physical,poison,1,1
skill.player.051.r2.e1,skill.player.051.r2,damage,physical_attack,1.43,0,enemy,physical,,1,1
skill.player.051.r2.e2,skill.player.051.r2,dot,physical_attack,0.275,3,enemy,physical,poison,1,1
skill.player.051.r3.e1,skill.player.051.r3,damage,physical_attack,1.56,0,enemy,physical,,1,1
skill.player.051.r3.e2,skill.player.051.r3,dot,physical_attack,0.3,3,enemy,physical,poison,1,1
skill.player.052.r1.e1,skill.player.052.r1,passive_damage,poison,0.1,0,self,,,1,1
skill.player.052.r2.e1,skill.player.052.r2,passive_damage,poison,0.15,0,self,,,1,1
skill.player.052.r3.e1,skill.player.052.r3,passive_damage,poison,0.2,0,self,,,1,1
skill.player.053.r1.e1,skill.player.053.r1,heal,healing,2.2,0,self,,,1,1
skill.player.053.r2.e1,skill.player.053.r2,heal,healing,2.42,0,self,,,1,1
skill.player.053.r3.e1,skill.player.053.r3,heal,healing,2.64,0,self,,,1,1
skill.player.054.r1.e1,skill.player.054.r1,passive_percent,healing,0.08,0,self,,,1,1
skill.player.054.r2.e1,skill.player.054.r2,passive_percent,healing,0.12,0,self,,,1,1
skill.player.054.r3.e1,skill.player.054.r3,passive_percent,healing,0.16,0,self,,,1,1
skill.player.055.r1.e1,skill.player.055.r1,damage,magic_attack,1.3,0,enemy,magic,,1,1
skill.player.055.r1.e2,skill.player.055.r1,damage,spirit,0.6,0,enemy,magic,,1,1
skill.player.055.r1.e3,skill.player.055.r1,shared_hit,,1,0,enemy,,,1,1
skill.player.055.r2.e1,skill.player.055.r2,damage,magic_attack,1.43,0,enemy,magic,,1,1
skill.player.055.r2.e2,skill.player.055.r2,damage,spirit,0.66,0,enemy,magic,,1,1
skill.player.055.r2.e3,skill.player.055.r2,shared_hit,,1,0,enemy,,,1,1
skill.player.055.r3.e1,skill.player.055.r3,damage,magic_attack,1.56,0,enemy,magic,,1,1
skill.player.055.r3.e2,skill.player.055.r3,damage,spirit,0.72,0,enemy,magic,,1,1
skill.player.055.r3.e3,skill.player.055.r3,shared_hit,,1,0,enemy,,,1,1
skill.player.056.r1.e1,skill.player.056.r1,passive_conversion,spirit_to_magic,0.1,0,self,,,1,1
skill.player.056.r2.e1,skill.player.056.r2,passive_conversion,spirit_to_magic,0.15,0,self,,,1,1
skill.player.056.r3.e1,skill.player.056.r3,passive_conversion,spirit_to_magic,0.2,0,self,,,1,1
skill.player.057.r1.e1,skill.player.057.r1,hot,healing,0.6,3,self,,regeneration,1,1
skill.player.057.r1.e2,skill.player.057.r1,modifier,reduction,0.15,3,self,,reduction,1,1
skill.player.057.r2.e1,skill.player.057.r2,hot,healing,0.66,3,self,,regeneration,1,1
skill.player.057.r2.e2,skill.player.057.r2,modifier,reduction,0.165,3,self,,reduction,1,1
skill.player.057.r3.e1,skill.player.057.r3,hot,healing,0.72,3,self,,regeneration,1,1
skill.player.057.r3.e2,skill.player.057.r3,modifier,reduction,0.18,3,self,,reduction,1,1
skill.player.058.r1.e1,skill.player.058.r1,passive_percent,hp_max,0.05,0,self,,,1,1
skill.player.058.r1.e2,skill.player.058.r1,passive_percent,healing,0.05,0,self,,,1,1
skill.player.058.r2.e1,skill.player.058.r2,passive_percent,hp_max,0.075,0,self,,,1,1
skill.player.058.r2.e2,skill.player.058.r2,passive_percent,healing,0.075,0,self,,,1,1
skill.player.058.r3.e1,skill.player.058.r3,passive_percent,hp_max,0.1,0,self,,,1,1
skill.player.058.r3.e2,skill.player.058.r3,passive_percent,healing,0.1,0,self,,,1,1
skill.player.059.r1.e1,skill.player.059.r1,modifier,reduction,0.2,3,self,,reduction,1,1
skill.player.059.r1.e2,skill.player.059.r1,modifier,accuracy,-0.1,3,enemy,,accuracy,1,1
skill.player.059.r2.e1,skill.player.059.r2,modifier,reduction,0.22,3,self,,reduction,1,1
skill.player.059.r2.e2,skill.player.059.r2,modifier,accuracy,-0.11,3,enemy,,accuracy,1,1
skill.player.059.r3.e1,skill.player.059.r3,modifier,reduction,0.24,3,self,,reduction,1,1
skill.player.059.r3.e2,skill.player.059.r3,modifier,accuracy,-0.12,3,enemy,,accuracy,1,1
skill.player.060.r1.e1,skill.player.060.r1,passive_percent,magic_defense,0.05,0,self,,,1,1
skill.player.060.r1.e2,skill.player.060.r1,passive_percent,spirit,0.05,0,self,,,1,1
skill.player.060.r2.e1,skill.player.060.r2,passive_percent,magic_defense,0.075,0,self,,,1,1
skill.player.060.r2.e2,skill.player.060.r2,passive_percent,spirit,0.075,0,self,,,1,1
skill.player.060.r3.e1,skill.player.060.r3,passive_percent,magic_defense,0.1,0,self,,,1,1
skill.player.060.r3.e2,skill.player.060.r3,passive_percent,spirit,0.1,0,self,,,1,1
skill.monster.strike.r1.e1,skill.monster.strike.r1,damage,physical_attack,1.35,0,enemy,physical,,1,1
skill.monster.magic_strike.r1.e1,skill.monster.magic_strike.r1,damage,magic_attack,1.35,0,enemy,magic,,1,1
skill.monster.evasion.r1.e1,skill.monster.evasion.r1,modifier,evasion,0.1,2,self,,evasion,1,1
skill.monster.guard.r1.e1,skill.monster.guard.r1,modifier,reduction,0.2,2,self,,reduction,1,1
skill.monster.armor_break.r1.e1,skill.monster.armor_break.r1,damage,physical_attack,1.2,0,enemy,physical,,1,1
skill.monster.armor_break.r1.e2,skill.monster.armor_break.r1,modifier,physical_defense,-0.2,2,enemy,,physical_defense,1,1
skill.monster.poison.r1.e1,skill.monster.poison.r1,damage,magic_attack,1,0,enemy,magic,,1,1
skill.monster.poison.r1.e2,skill.monster.poison.r1,dot,magic_attack,0.2,3,enemy,magic,poison,1,1
skill.monster.heal.r1.e1,skill.monster.heal.r1,heal,hp_max,0.15,0,self,,,1,1
skill.monster.shield.r1.e1,skill.monster.shield.r1,shield,magic_attack,1.0,2,self,,shield,1,1
skill.monster.burn.r1.e1,skill.monster.burn.r1,damage,magic_attack,1.2,0,enemy,magic,,1,1
skill.monster.burn.r1.e2,skill.monster.burn.r1,dot,magic_attack,0.25,3,enemy,magic,burn,1,1
skill.monster.curse.r1.e1,skill.monster.curse.r1,damage,magic_attack,1.15,0,enemy,magic,,1,1
skill.monster.curse.r1.e2,skill.monster.curse.r1,modifier,accuracy,-0.08,2,enemy,,accuracy,1,1
